/*
SQLyog Community Edition- MySQL GUI v8.03 
MySQL - 5.5.20-log : Database - searchcloud
*********************************************************************
*/

/*!40101 SET NAMES utf8 */;

/*!40101 SET SQL_MODE=''*/;

/*!40014 SET @OLD_FOREIGN_KEY_CHECKS=@@FOREIGN_KEY_CHECKS, FOREIGN_KEY_CHECKS=0 */;
/*!40101 SET @OLD_SQL_MODE=@@SQL_MODE, SQL_MODE='NO_AUTO_VALUE_ON_ZERO' */;

CREATE DATABASE /*!32312 IF NOT EXISTS*/`searchcloud` /*!40100 DEFAULT CHARACTER SET latin1 */;

USE `searchcloud`;

/*Table structure for table `complaint` */

DROP TABLE IF EXISTS `complaint`;

CREATE TABLE `complaint` (
  `complaint_id` int(11) NOT NULL AUTO_INCREMENT,
  `uuser_id` int(11) NOT NULL,
  `content` varchar(500) NOT NULL,
  `created_at` datetime NOT NULL,
  `reply` varchar(500) NOT NULL,
  `reply_at` datetime NOT NULL,
  PRIMARY KEY (`complaint_id`)
) ENGINE=InnoDB DEFAULT CHARSET=latin1;

/*Data for the table `complaint` */

/*Table structure for table `feedback` */

DROP TABLE IF EXISTS `feedback`;

CREATE TABLE `feedback` (
  `feed_id` int(11) NOT NULL AUTO_INCREMENT,
  `us_id` int(11) NOT NULL,
  `created_at` datetime NOT NULL,
  `feedback` varchar(500) NOT NULL,
  PRIMARY KEY (`feed_id`),
  UNIQUE KEY `feed_id` (`feed_id`)
) ENGINE=InnoDB DEFAULT CHARSET=latin1;

/*Data for the table `feedback` */

/*Table structure for table `file` */

DROP TABLE IF EXISTS `file`;

CREATE TABLE `file` (
  `file_id` int(11) NOT NULL AUTO_INCREMENT,
  `title` varchar(50) NOT NULL,
  `description` varchar(500) NOT NULL,
  `file` varchar(500) NOT NULL,
  `uus_id` int(11) NOT NULL,
  `created_at` varchar(50) NOT NULL,
  `enckey` varchar(50) NOT NULL,
  `file_type` varchar(50) DEFAULT NULL,
  PRIMARY KEY (`file_id`)
) ENGINE=InnoDB AUTO_INCREMENT=28 DEFAULT CHARSET=latin1;

/*Data for the table `file` */

insert  into `file`(`file_id`,`title`,`description`,`file`,`uus_id`,`created_at`,`enckey`,`file_type`) values (3,'wert','sdffc','2022_04_14102942.850261.docx',19,'2022-04-14 10:29:44','344','private'),(4,'wert','gdhjujjhk','2022_04_14103603.302564.docx',19,'2022-04-14 10:36:03','6753','private'),(5,'gdyhg','yututuikh','2022_04_14103813.714424.docx',19,'2022-04-14 10:38:15','3182','private'),(6,'wert','fgfuhij','2022_04_21093828.689490.docx',19,'2022-04-21 09:38:31','9350','private'),(7,'hgfu','gfuhik','2022_04_21100727.238139.docx',19,'2022-04-21 10:07:29','3264','private'),(8,'hgdkdj','jxhfkdjglc','2022_04_21101623.054166.docx',19,'2022-04-21 10:16:25','7457','private'),(9,'hfyguhu','hjftyfugukn','2022_04_25094133.621802.docx',19,'2022-04-25 09:41:38','5543','public'),(10,'mkghighoig','gchjghkljuyfhj','2022_04_25102337.129143.docx',19,'2022-04-25 10:23:42','6619','private'),(11,'bbknkj','gdhjkuij','2022_04_28092627.927231.docx',19,'2022-04-28 09:26:31','9515','private'),(12,'gjcdn','fssrf','2022_04_29101127.233085.pdf',19,'2022-04-29 10:11:30','1244','public'),(13,'jvxchczj','m knx kasnbckjz','2022_04_29101729.578272.pdf',19,'2022-04-29 10:17:31','9314','public'),(14,'xfgd','cgncgfggf','2022_04_29102920.475368.pdf',19,'2022-04-29 10:29:21','2942','public'),(15,'hvhdvzH','cnghhhg','2022_04_29103826.516498.pdf',19,'2022-04-29 10:38:28','6812','public'),(16,'fjfhtxf','b zkbdcjkz','2022_05_04094123.577533.pdf',19,'2022-05-04 09:41:25','6499','private'),(17,'efg','jnjlbhju','2022_05_04101036.571798.pdf',19,'2022-05-04 10:10:37','4477','public'),(18,'jgvvgj','bsdhbxifbsz','2022_05_04101725.434850.pdf',19,'2022-05-04 10:17:27','3150','private'),(19,'jvdjzcxz','badkbdkjc','2022_05_04101957.167004.pdf',19,'2022-05-04 10:19:58','9942','public'),(20,'bjvchg','szsrzr','2022_05_04103557.765893.pdf',19,'2022-05-04 10:35:58','5076','public'),(21,'ctses','gvghcgh','2022_05_04103745.172530.pdf',19,'2022-05-04 10:37:45','5751','public'),(22,'fffff','hhfgdgfdugujb','2022_05_06110259.079603.pdf',19,'2022-05-06 11:03:02','4289','public'),(23,'fffff','hhfgdgfdugujb','2022_05_06110552.677754.jpg',19,'2022-05-06 11:05:54','414','public'),(24,'hfheretr','dzfdgfyguhj','2022_05_06210030.360772.docx',19,'2022-05-06 21:00:31','4507','private'),(25,'wwwww','aparna','2022_05_07111441.325200.docx',19,'2022-05-07 11:14:43','5572','public'),(26,'ddddd','assssfddgf','2022_05_07111915.635826.docx',20,'2022-05-07 11:19:16','274','private'),(27,'abcd','hhdvbhsC','2022_05_08102131.150701.docx',20,'2022-05-08 10:21:31','9379','public');

/*Table structure for table `filekeywordindex` */

DROP TABLE IF EXISTS `filekeywordindex`;

CREATE TABLE `filekeywordindex` (
  `index_id` int(11) NOT NULL AUTO_INCREMENT,
  `fileid` int(11) NOT NULL,
  `kwid` int(11) NOT NULL,
  `importance` int(100) NOT NULL,
  PRIMARY KEY (`index_id`)
) ENGINE=InnoDB AUTO_INCREMENT=558 DEFAULT CHARSET=latin1;

/*Data for the table `filekeywordindex` */

insert  into `filekeywordindex`(`index_id`,`fileid`,`kwid`,`importance`) values (1,21,1,1),(2,21,2,1),(3,21,3,1),(4,21,4,1),(5,21,5,1),(6,21,6,1),(7,21,7,4),(8,21,8,1),(9,21,9,2),(10,21,10,1),(11,21,11,1),(12,21,12,1),(13,21,13,1),(14,21,14,1),(15,21,15,1),(16,21,16,1),(17,21,17,1),(18,21,18,1),(19,21,19,1),(20,21,20,1),(21,21,21,1),(22,21,22,1),(23,21,23,1),(24,21,24,1),(25,21,25,6),(26,21,26,1),(27,21,27,1),(28,21,28,1),(29,21,29,1),(30,21,30,1),(31,21,31,1),(32,21,32,1),(33,21,33,1),(34,21,34,1),(35,21,35,1),(36,21,36,1),(37,21,37,1),(38,21,38,1),(39,21,39,1),(40,21,40,1),(41,21,41,1),(42,21,42,1),(43,21,43,1),(44,21,44,3),(45,21,45,1),(46,21,46,1),(47,21,47,1),(48,21,48,1),(49,21,49,1),(50,21,50,1),(51,21,51,1),(52,21,52,1),(53,21,53,1),(54,21,54,1),(55,21,55,1),(56,21,56,1),(57,21,57,1),(58,21,58,2),(59,21,59,1),(60,21,60,1),(61,21,61,1),(62,21,62,1),(63,21,63,1),(64,21,64,1),(65,21,65,1),(66,21,66,1),(67,21,67,1),(68,21,68,1),(69,21,69,1),(70,21,70,1),(71,21,71,1),(72,21,72,2),(73,21,73,1),(74,21,74,2),(75,21,75,1),(76,21,76,3),(77,21,77,1),(78,21,78,1),(79,21,79,1),(80,21,80,1),(81,21,81,1),(82,21,82,1),(83,21,83,1),(84,21,84,1),(85,21,85,1),(86,21,86,1),(87,24,87,5),(88,24,88,21),(89,24,89,25),(90,24,90,20),(91,24,91,6),(92,24,92,14),(93,24,93,15),(94,24,94,1),(95,24,95,1),(96,24,96,1),(97,24,97,1),(98,24,98,1),(99,24,99,1),(100,24,100,9),(101,24,101,3),(102,24,102,2),(103,24,103,1),(104,24,104,1),(105,24,105,1),(106,24,106,3),(107,24,67,6),(108,24,107,1),(109,24,108,4),(110,24,109,4),(111,24,110,1),(112,24,111,1),(113,24,112,1),(114,24,113,2),(115,24,114,1),(116,24,115,1),(117,24,116,1),(118,24,117,1),(119,24,118,1),(120,24,119,1),(121,24,120,4),(122,24,121,3),(123,24,122,2),(124,24,123,1),(125,24,124,1),(126,24,125,1),(127,24,126,1),(128,24,127,1),(129,24,128,1),(130,24,129,1),(131,24,130,1),(132,24,131,1),(133,24,132,1),(134,24,133,1),(135,24,134,1),(136,24,135,1),(137,24,136,1),(138,24,137,2),(139,24,138,1),(140,24,139,1),(141,24,140,1),(142,24,141,1),(143,24,142,1),(144,24,143,1),(145,24,144,3),(146,24,145,1),(147,24,146,16),(148,24,147,3),(149,24,148,2),(150,24,149,2),(151,24,150,2),(152,24,151,6),(153,24,152,3),(154,24,153,2),(155,24,154,3),(156,24,155,3),(157,24,156,5),(158,24,157,8),(159,24,158,2),(160,24,159,2),(161,24,160,3),(162,24,161,2),(163,24,162,2),(164,24,163,2),(165,24,164,2),(166,24,165,2),(167,24,166,2),(168,24,167,1),(169,24,168,3),(170,24,169,2),(171,24,170,2),(172,24,171,2),(173,24,172,1),(174,24,173,2),(175,24,174,4),(176,24,175,3),(177,24,176,3),(178,24,177,2),(179,24,178,2),(180,24,179,4),(181,24,180,3),(182,24,181,2),(183,24,182,2),(184,24,183,2),(185,24,184,1),(186,24,185,1),(187,24,186,2),(188,24,187,3),(189,24,188,2),(190,24,189,2),(191,24,190,1),(192,24,191,2),(193,24,192,1),(194,24,193,1),(195,24,194,1),(196,24,195,1),(197,24,196,1),(198,24,197,1),(199,24,198,1),(200,24,199,1),(201,24,200,1),(202,24,201,1),(203,24,202,1),(204,24,203,1),(205,24,204,1),(206,24,205,2),(207,24,206,1),(208,24,4,1),(209,24,207,1),(210,24,208,1),(211,24,209,1),(212,24,210,2),(213,24,211,1),(214,24,212,1),(215,24,213,1),(216,24,214,1),(217,24,215,2),(218,24,216,1),(219,24,217,1),(220,24,218,1),(221,24,219,1),(222,24,220,1),(223,24,221,1),(224,24,222,2),(225,24,223,1),(226,24,224,1),(227,24,225,2),(228,24,226,2),(229,24,227,2),(230,24,228,1),(231,24,229,1),(232,24,230,1),(233,24,231,1),(234,24,232,1),(235,24,233,1),(236,24,234,2),(237,24,235,1),(238,24,236,1),(239,24,237,1),(240,24,238,1),(241,24,239,3),(242,24,240,1),(243,24,241,1),(244,24,242,1),(245,24,243,1),(246,24,244,1),(247,24,245,1),(248,24,246,1),(249,24,247,1),(250,24,248,1),(251,24,249,1),(252,24,250,1),(253,24,251,1),(254,24,252,3),(255,24,253,1),(256,24,254,1),(257,24,255,1),(258,24,256,1),(259,24,257,1),(260,24,258,1),(261,24,259,2),(262,24,260,1),(263,24,261,1),(264,24,262,1),(265,24,263,1),(266,24,264,1),(267,24,265,1),(268,24,266,1),(269,24,267,1),(270,24,268,1),(271,24,269,1),(272,24,270,1),(273,24,271,1),(274,24,272,1),(275,24,273,2),(276,24,274,1),(277,24,275,1),(278,24,276,1),(279,24,277,1),(280,24,278,1),(281,24,279,1),(282,24,280,1),(283,24,281,3),(284,24,282,1),(285,24,283,1),(286,24,284,1),(287,24,285,1),(288,24,286,1),(289,25,87,5),(290,25,88,21),(291,25,89,25),(292,25,90,20),(293,25,91,6),(294,25,92,14),(295,25,93,15),(296,25,94,1),(297,25,95,1),(298,25,96,1),(299,25,97,1),(300,25,98,1),(301,25,99,1),(302,25,100,9),(303,25,101,3),(304,25,102,2),(305,25,103,1),(306,25,104,1),(307,25,105,1),(308,25,106,3),(309,25,67,6),(310,25,107,1),(311,25,108,4),(312,25,109,4),(313,25,110,1),(314,25,111,1),(315,25,112,1),(316,25,113,2),(317,25,114,1),(318,25,115,1),(319,25,116,1),(320,25,117,1),(321,25,118,1),(322,25,119,1),(323,25,120,4),(324,25,121,3),(325,25,122,2),(326,25,123,1),(327,25,124,1),(328,25,125,1),(329,25,126,1),(330,25,127,1),(331,25,128,1),(332,25,129,1),(333,25,130,1),(334,25,131,1),(335,25,132,1),(336,25,133,1),(337,25,134,1),(338,25,135,1),(339,25,136,1),(340,25,137,2),(341,25,138,1),(342,25,139,1),(343,25,140,1),(344,25,141,1),(345,25,142,1),(346,25,143,1),(347,25,144,3),(348,25,145,1),(349,25,146,16),(350,25,147,3),(351,25,148,2),(352,25,149,2),(353,25,150,2),(354,25,151,6),(355,25,152,3),(356,25,153,2),(357,25,154,3),(358,25,155,3),(359,25,156,5),(360,25,157,8),(361,25,158,2),(362,25,159,2),(363,25,160,3),(364,25,161,2),(365,25,162,2),(366,25,163,2),(367,25,164,2),(368,25,165,2),(369,25,166,2),(370,25,167,1),(371,25,168,3),(372,25,169,2),(373,25,170,2),(374,25,171,2),(375,25,172,1),(376,25,173,2),(377,25,174,4),(378,25,175,3),(379,25,176,3),(380,25,177,2),(381,25,178,2),(382,25,179,4),(383,25,180,3),(384,25,181,2),(385,25,182,2),(386,25,183,2),(387,25,184,1),(388,25,185,1),(389,25,186,2),(390,25,187,3),(391,25,188,2),(392,25,189,2),(393,25,190,1),(394,25,191,2),(395,25,192,1),(396,25,193,1),(397,25,194,1),(398,25,195,1),(399,25,196,1),(400,25,197,1),(401,25,198,1),(402,25,199,1),(403,25,200,1),(404,25,201,1),(405,25,202,1),(406,25,203,1),(407,25,204,1),(408,25,205,2),(409,25,206,1),(410,25,4,1),(411,25,207,1),(412,25,208,1),(413,25,209,1),(414,25,210,2),(415,25,211,1),(416,25,212,1),(417,25,213,1),(418,25,214,1),(419,25,215,2),(420,25,216,1),(421,25,217,1),(422,25,218,1),(423,25,219,1),(424,25,220,1),(425,25,221,1),(426,25,222,2),(427,25,223,1),(428,25,224,1),(429,25,225,2),(430,25,226,2),(431,25,227,2),(432,25,228,1),(433,25,229,1),(434,25,230,1),(435,25,231,1),(436,25,232,1),(437,25,233,1),(438,25,234,2),(439,25,235,1),(440,25,236,1),(441,25,237,1),(442,25,238,1),(443,25,239,3),(444,25,240,1),(445,25,241,1),(446,25,242,1),(447,25,243,1),(448,25,244,1),(449,25,245,1),(450,25,246,1),(451,25,247,1),(452,25,248,1),(453,25,249,1),(454,25,250,1),(455,25,251,1),(456,25,252,3),(457,25,253,1),(458,25,254,1),(459,25,255,1),(460,25,256,1),(461,25,257,1),(462,25,258,1),(463,25,259,2),(464,25,260,1),(465,25,261,1),(466,25,262,1),(467,25,263,1),(468,25,264,1),(469,25,265,1),(470,25,266,1),(471,25,267,1),(472,25,268,1),(473,25,269,1),(474,25,270,1),(475,25,271,1),(476,25,272,1),(477,25,273,2),(478,25,274,1),(479,25,275,1),(480,25,276,1),(481,25,277,1),(482,25,278,1),(483,25,279,1),(484,25,280,1),(485,25,281,3),(486,25,282,1),(487,25,283,1),(488,25,284,1),(489,25,285,1),(490,25,286,1),(491,26,287,1),(492,26,211,2),(493,26,288,4),(494,26,289,1),(495,26,178,1),(496,26,290,1),(497,26,291,1),(498,26,292,1),(499,26,293,1),(500,26,294,2),(501,26,295,1),(502,26,296,1),(503,26,297,1),(504,26,298,1),(505,26,299,1),(506,26,300,1),(507,26,190,1),(508,26,301,1),(509,26,302,1),(510,26,303,1),(511,26,304,1),(512,26,305,1),(513,26,306,1),(514,26,307,2),(515,26,308,1),(516,26,309,1),(517,26,310,1),(518,26,311,1),(519,26,312,1),(520,26,313,1),(521,26,314,1),(522,26,315,5),(523,26,316,1),(524,26,317,1),(525,26,318,1),(526,26,319,5),(527,26,320,1),(528,26,11,1),(529,26,321,1),(530,26,322,1),(531,26,323,1),(532,26,324,1),(533,26,325,1),(534,26,326,1),(535,26,327,1),(536,26,328,2),(537,26,329,1),(538,26,330,1),(539,26,222,1),(540,26,331,1),(541,26,332,1),(542,26,333,1),(543,26,1,1),(544,26,334,1),(545,26,335,1),(546,26,336,1),(547,26,337,1),(548,26,338,1),(549,26,339,1),(550,26,340,1),(551,26,341,1),(552,26,342,1),(553,26,343,2),(554,26,344,1),(555,26,345,1),(556,26,346,1),(557,26,347,1);

/*Table structure for table `keywords` */

DROP TABLE IF EXISTS `keywords`;

CREATE TABLE `keywords` (
  `kid` int(11) NOT NULL AUTO_INCREMENT,
  `kword` varchar(200) NOT NULL,
  PRIMARY KEY (`kid`)
) ENGINE=InnoDB AUTO_INCREMENT=348 DEFAULT CHARSET=latin1;

/*Data for the table `keywords` */

insert  into `keywords`(`kid`,`kword`) values (1,'form'),(2,'5'),(3,'rule'),(4,'8'),(5,'government'),(6,'kerala'),(7,'birth'),(8,'certificate'),(9,'issue'),(10,'section'),(11,'12'),(12,'17'),(13,'certify'),(14,'follow'),(15,'information'),(16,'take'),(17,'original'),(18,'record'),(19,'register'),(20,'local'),(21,'area'),(22,'ihpf0'),(23,'t'),(24,'2~0'),(25,'~'),(26,'i'),(27,'dlijmky'),(28,'lm'),(29,'gra'),(30,'rrit2'),(31,'l0xtpj'),(32,'tahsil'),(33,'fo'),(34,'df19xj~'),(35,'district'),(36,'mojp'),(37,'kfqw'),(38,'state'),(39,'k'),(40,'tajq'),(41,'a3hfjfv'),(42,'sex'),(43,'nak'),(44,'date'),(45,'l~0'),(46,'2o04'),(47,'place'),(48,'f'),(49,'fj'),(50,'thp1uja'),(51,'cpl~'),(52,'father'),(53,'o~'),(54,'rav'),(55,'mother'),(56,'tj'),(57,'fjh3a'),(58,'registration'),(59,'i89'),(60,'h'),(61,'~l'),(62,'0'),(63,'20q'),(64,'±'),(65,'25á'),(66,'jfl'),(67,'\"'),(68,'áá'),(69,'eg'),(70,'strar'),(71,'r'),(72,'deaths'),(73,'amkulam'),(74,'grama'),(75,'pancha'),(76,'='),(77,'j'),(78,'2sig'),(79,'nature'),(80,'authority'),(81,'seal'),(82,'registrar'),(83,'81rths'),(84,'tattamiulam'),(85,'panchay11'),(86,'7'),(87,'application'),(88,'artificial'),(89,'intelligence'),(90,'technology'),(91,'college'),(92,'physical'),(93,'education'),(94,'aparna'),(95,'n'),(96,'–'),(97,'mes19mca004'),(98,'introduction'),(99,' \n'),(100,'development'),(101,'history'),(102,'decade'),(103,'1950'),(104,'alan'),(105,'turings'),(106,'paper'),(107,'computer'),(108,'forward'),(109,'time'),(110,'proposal'),(111,'pioneering'),(112,'idea'),(113,'provide'),(114,'research'),(115,'direction'),(116,'dartmouth'),(117,'conference'),(118,'1956'),(119,'mark'),(120,'human'),(121,'being'),(122,'enter'),(123,'era'),(124,'computation'),(125,'perception'),(126,'cognition'),(127,'generally'),(128,'regard'),(129,'element'),(130,'correspond'),(131,'computational'),(132,'perceptual'),(133,'cognitive'),(134,'run'),(135,'process'),(136,'rise'),(137,'new'),(138,'round'),(139,'scientific'),(140,'technological'),(141,'revolution'),(142,'vigorous'),(143,'gradually'),(144,'daily'),(145,'life'),(146,'teaching'),(147,'activity'),(148,'indispensable'),(149,'current'),(150,'evaluation'),(151,'student'),(152,'quality'),(153,'assessment'),(154,'colleges'),(155,'university'),(156,'shortcoming'),(157,'traditional'),(158,'practice'),(159,'unique'),(160,'advantage'),(161,'largely'),(162,'present'),(163,'integration'),(164,'preliminary'),(165,'exploration'),(166,'stage'),(167,'objectives'),(168,'main'),(169,'objective'),(170,'introduce'),(171,'content'),(172,'\n '),(173,'put'),(174,'method'),(175,'virtual'),(176,'reality'),(177,'big'),(178,'datum'),(179,'analysis'),(180,'intelligent'),(181,'recognition'),(182,'innovation'),(183,'point'),(184,'tools'),(185,'platform'),(186,'hardware'),(187,'software'),(188,'requirement'),(189,'requirements'),(190,'input'),(191,'device'),(192,'mouse'),(193,'keyboard'),(194,'output'),(195,'monitor'),(196,'memory'),(197,'4'),(198,'gb'),(199,'ramminimum'),(200,'processor'),(201,'intel'),(202,'core'),(203,'i3'),(204,'operating'),(205,'system'),(206,'windows'),(207,'10for'),(208,'better'),(209,'performance'),(210,'end'),(211,'python'),(212,'flask'),(213,'mysql'),(214,'pycharm'),(215,'web'),(216,'browser'),(217,'internet'),(218,'explorergoogle'),(219,'chromefirefoxfor'),(220,'motivation'),(221,'relevence'),(222,'project'),(223,'hand'),(224,'high'),(225,'learn'),(226,'resource'),(227,'help'),(228,'find'),(229,'interest'),(230,'enhance'),(231,'participation'),(232,'achieve'),(233,'healthy'),(234,'sport'),(235,'happy'),(236,'sports'),(237,'greatly'),(238,'change'),(239,'exist'),(240,'management'),(241,'mode'),(242,'teacher'),(243,'separate'),(244,'mechanical'),(245,'task'),(246,'devote'),(247,'personalized'),(248,'near'),(249,'future'),(250,'able'),(251,'innovative'),(252,'problem'),(253,'definition'),(254,'initial'),(255,'view'),(256,'consider'),(257,'great'),(258,'integrate'),(259,'environment'),(260,'construct'),(261,'ecological'),(262,'break'),(263,'spacetime'),(264,'limitation'),(265,'share'),(266,'highquality'),(267,'etc'),(268,'discussion'),(269,'specific'),(270,'radiate'),(271,'vitality'),(272,'start'),(273,'analyze'),(274,'secondly'),(275,'order'),(276,'solve'),(277,'conclusion'),(278,'prospect'),(279,'basic'),(280,'functionality'),(281,'data'),(282,'collection'),(283,'access'),(284,'processing'),(285,'statistical'),(286,'correlation'),(287,'pythondjango'),(288,'1introduction'),(289,'2variable'),(290,'type'),(291,'3conditional'),(292,'statement'),(293,'4while'),(294,'loop'),(295,'5for'),(296,'6list'),(297,'7tuple'),(298,'8set'),(299,'9dictionarie'),(300,'10user'),(301,'11functions'),(302,'12class'),(303,'object'),(304,'13'),(305,'regular'),(306,'expression'),(307,'html'),(308,'2html'),(309,'tag'),(310,'3html'),(311,'attribute'),(312,'4list'),(313,'5table'),(314,'6form'),(315,'css'),(316,'2inline'),(317,'3internal'),(318,'4external'),(319,'django'),(320,'11'),(321,'advantages'),(322,'13django'),(323,'architecture'),(324,'2django'),(325,'installation'),(326,'setup'),(327,'3project'),(328,'creation'),(329,'4app'),(330,'5runne'),(331,'6admin'),(332,'interface'),(333,'7django'),(334,'8django'),(335,'model'),(336,'9database'),(337,'connection'),(338,'10django'),(339,'migration'),(340,'11django'),(341,'crud'),(342,'12django'),(343,'template'),(344,'language'),(345,'13external'),(346,'loading'),(347,'14project');

/*Table structure for table `login` */

DROP TABLE IF EXISTS `login`;

CREATE TABLE `login` (
  `id` int(11) NOT NULL AUTO_INCREMENT,
  `username` varchar(50) NOT NULL,
  `password` varchar(50) NOT NULL,
  `user_type` varchar(20) NOT NULL,
  PRIMARY KEY (`id`)
) ENGINE=InnoDB AUTO_INCREMENT=21 DEFAULT CHARSET=latin1;

/*Data for the table `login` */

insert  into `login`(`id`,`username`,`password`,`user_type`) values (18,'APARNARAVI.83@GMAIL.COM','123','user'),(19,'renju@gmail.com','12345','user'),(20,'ranjith@gmail.com','3456','user');

/*Table structure for table `user` */

DROP TABLE IF EXISTS `user`;

CREATE TABLE `user` (
  `login_id` int(11) NOT NULL,
  `name` varchar(50) NOT NULL,
  `dob` date NOT NULL,
  `place` varchar(100) NOT NULL,
  `post` varchar(100) NOT NULL,
  `pin` int(10) NOT NULL,
  `phone` varchar(400) NOT NULL,
  `email` varchar(100) DEFAULT NULL,
  `image` varchar(100) DEFAULT NULL
) ENGINE=InnoDB DEFAULT CHARSET=latin1;

/*Data for the table `user` */

insert  into `user`(`login_id`,`name`,`dob`,`place`,`post`,`pin`,`phone`,`email`,`image`) values (19,'RANJITH kumar','2022-04-06','thayyur','thayyur',767578,'9061899199','renju@gmail.com','/static/user/220507-111304.jpg'),(20,'abhidev','2022-05-18','ffff','tttt',53689,'12345678','ranjith@gmail.com','/static/user/220507-111842.jpg');

/*!40101 SET SQL_MODE=@OLD_SQL_MODE */;
/*!40014 SET FOREIGN_KEY_CHECKS=@OLD_FOREIGN_KEY_CHECKS */;
